n,agreement,sd,p,type
100,0.94,0.05537749241945381,0.48,observed
200,0.9555555555555557,0.052587375849774354,0.54,observed
300,0.9622222222222223,0.041035967361376414,0.35,observed
400,0.9622222222222222,0.03303570832737445,0.62,observed
521,0.9644444444444445,0.03744955454745047,0.43,observed
1000,0.9600000000000002,0.04745368112013915,0.4,simulated
2000,0.9622222222222223,0.041035967361376414,0.45,simulated
5000,0.9222222222222223,0.045812284729085107,1.0,simulated
10000,0.8533333333333334,0.0758165427076977,1.0,simulated
